Name,EngineNo,CallCenter,PurchaseDate
LFDTFPPHLL,7865765,GYLMNIXCRE,12/9/2021 15:08
UPDGXVUWHH,794974,OSVEJLLFDC,12/17/2021 3:08:52 PM
KVECOOXKEE,98597486,UTFTJHQXSS,12/17/2021 3:08:52 PM
LDDFMDAIKT,8975953,UTFTJHQXSS,12/17/2021 3:08:52 PM
NERPTKNNWW,835768,RPPCCHDQYF,12/17/2021 3:08:52 PM
QPEEXOYIKX,968768,RPPCCHDQYF,12/17/2021 3:08:52 PM
VOWLLPPKPQ,98789578,RPPCCHDQYF,12/17/2021 3:08:52 PM
RNUVUHLJDH,7956976,GCJIOUKVGR,12/17/2021 3:08:52 PM
HMBWPOTHMU,876875348,GCJIOUKVGR,12/17/2021 3:08:52 PM
RQFHAXQRXW,9876784794,GCJIOUKVGR,12/17/2021 3:08:52 PM
RAIKSRPOLD,786499747,CXCXLIUQYD,12/17/2021 3:08:52 PM
CIJNSOKTOF,75863965,CXCXLIUQYD,12/17/2021 3:08:52 PM
